{"schema":6,"addons":[{"id":"uBlock0@raymondhill.net","icons":{"32":"https://addons.mozilla.org/user-media/addon_icons/607/607454-32.png?modified=mcrushed","64":"https://addons.mozilla.org/user-media/addon_icons/607/607454-64.png?modified=mcrushed","128":"https://addons.mozilla.org/user-media/addon_icons/607/607454-128.png?modified=mcrushed"},"name":"uBlock Origin","version":"1.40.8","sourceURI":"https://addons.mozilla.org/firefox/downloads/file/3892224/ublock_origin-1.40.8-an+fx.xpi","homepageURL":"https://github.com/gorhill/uBlock#ublock-origin","supportURL":"https://old.reddit.com/r/uBlockOrigin/","description":"Finally, an efficient wide-spectrum content blocker. Easy on CPU and memory.","fullDescription":"uBlock Origin is not an \"ad blocker\", it's a wide-spectrum content blocker with CPU and memory efficiency as a primary feature.\n\n***\n\nOut of the box, uBO blocks ads, trackers, coin miners, popups, etc. through the following lists of filters, enabled by default:\n\n- EasyList (ads)\n- EasyPrivacy (tracking)\n- Peter Lowe’s Ad server list (ads and tracking)\n- Online Malicious URL Blocklist\n- uBO's own lists\n\nMore lists are available for you to select if you wish:\n\n- EasyList Cookie\n- Fanboy Annoyances\n- AdGuard Annoyances\n- Dan Pollock’s hosts file\n- And many others\n\nAdditionally, you can point-and-click to block JavaScript locally or globally, create your own global or local rules to override entries from filter lists, and many more advanced features.\n\n***\n\nFree.\nOpen source with public license (GPLv3)\nFor users by users.\n\nIf ever you really do want to contribute something, think about the people working hard to maintain the filter lists you are using, which were made available to use by all for free.\n\n***\n\n    Documentation\n    Release notes\n    Community support @ Reddit\n    Contributors @ GitHub\n    Contributors @ Crowdin","weeklyDownloads":142171,"type":"extension","creator":{"name":"Raymond Hill","url":"https://addons.mozilla.org/en-US/firefox/user/11423598/"},"developers":[],"screenshots":[{"url":"https://addons.mozilla.org/user-media/previews/full/238/238546.png?modified=1622132421","width":1011,"height":758,"thumbnailURL":"https://addons.mozilla.org/user-media/previews/thumbs/238/238546.jpg?modified=1622132421","thumbnailWidth":533,"thumbnailHeight":400,"caption":"The popup panel: default mode"},{"url":"https://addons.mozilla.org/user-media/previews/full/238/238548.png?modified=1622132423","width":1011,"height":758,"thumbnailURL":"https://addons.mozilla.org/user-media/previews/thumbs/238/238548.jpg?modified=1622132423","thumbnailWidth":533,"thumbnailHeight":400,"caption":"The dashboard: stock filter lists"},{"url":"https://addons.mozilla.org/user-media/previews/full/238/238547.png?modified=1622132425","width":1011,"height":758,"thumbnailURL":"https://addons.mozilla.org/user-media/previews/thumbs/238/238547.jpg?modified=1622132425","thumbnailWidth":533,"thumbnailHeight":400,"caption":"The popup panel: default-deny mode"},{"url":"https://addons.mozilla.org/user-media/previews/full/238/238549.png?modified=1622132426","width":1011,"height":758,"thumbnailURL":"https://addons.mozilla.org/user-media/previews/thumbs/238/238549.jpg?modified=1622132426","thumbnailWidth":533,"thumbnailHeight":400,"caption":"The dashboard: settings"},{"url":"https://addons.mozilla.org/user-media/previews/full/238/238552.png?modified=1622132430","width":970,"height":1800,"thumbnailURL":"https://addons.mozilla.org/user-media/previews/thumbs/238/238552.jpg?modified=1622132430","thumbnailWidth":216,"thumbnailHeight":400,"caption":"The popup panel in Firefox Preview: default mode with more blocking options revealed"},{"url":"https://addons.mozilla.org/user-media/previews/full/230/230370.png?modified=1622132432","width":800,"height":600,"thumbnailURL":"https://addons.mozilla.org/user-media/previews/thumbs/230/230370.jpg?modified=1622132432","thumbnailWidth":533,"thumbnailHeight":400,"caption":"The unified logger tells you all that uBO is seeing and doing"}],"contributionURL":"","averageRating":4.7721,"reviewCount":3490,"reviewURL":"https://addons.mozilla.org/en-US/firefox/addon/ublock-origin/reviews/","updateDate":1642173976000},{"id":"jid1-ZAdIEUB7XOzOJw@jetpack","icons":{"32":"https://addons.mozilla.org/user-media/addon_icons/385/385621-32.png?modified=1636104617","64":"https://addons.mozilla.org/user-media/addon_icons/385/385621-64.png?modified=1636104617","128":"https://addons.mozilla.org/user-media/addon_icons/385/385621-128.png?modified=1636104617"},"name":"DuckDuckGo Privacy Essentials","version":"2021.9.30","sourceURI":"https://addons.mozilla.org/firefox/downloads/file/3847643/duckduckgo_privacy_essentials-2021.9.30-fx.xpi","homepageURL":"https://duckduckgo.com/app","supportURL":null,"description":"Privacy, simplified. Our add-on provides the privacy essentials you need to seamlessly take control of your personal information, no matter where the internet takes you: tracker blocking, smarter encryption, DuckDuckGo private search, and more.","fullDescription":"Privacy, simplified.\n\nTired of being tracked online? We can help. At DuckDuckGo, we believe online privacy should be simple.\n\nDuckDuckGo Privacy Essentials comes packed with best-in-class privacy essentials and makes browsing in Firefox even faster.\n\n    Escape Online Tracking — automatically block hidden third-party trackers we can find lurking on websites you visit, which stops the companies behind those trackers from collecting and selling your data.\n    Search Privately — our private search engine comes built-in so you can search the Internet without being tracked.\n    Enforce Encryption — force sites to use an encrypted (HTTPS) connection where available, protecting your data from prying eyes, like from unwanted snoopers and Internet service providers.\n    Decode Privacy — each site you visit gets a Privacy Grade (A-F) so you can see how protected you are at a glance, and you can even dig into the details to see who we caught trying to track you.\n    Signal Your Privacy Preference with GPC — built into the browser, Global Privacy Control (GPC) intends to help you express your legal opt-out rights automatically. This will tell websites not to sell or share your personal information under future legal frameworks (e.g., CCPA, GDPR) in various states or countries.\n\n\n\nPrivacy, simplified.\n\nAbout Us: https://duckduckgo.com/about/\nDevice Privacy: https://spreadprivacy.com/tag/device-privacy-tips/\nPrivacy Newsletter: https://duckduckgo.com/newsletter\nPrivacy Policy: https://duckduckgo.com/privacy/\nOpen Source: https://github.com/duckduckgo/duckduckgo-privacy-extension","weeklyDownloads":12301,"type":"extension","creator":{"name":"DuckDuckGo","url":"https://addons.mozilla.org/en-US/firefox/user/3946396/"},"developers":[],"screenshots":[{"url":"https://addons.mozilla.org/user-media/previews/full/243/243108.png?modified=1622132160","width":1280,"height":800,"thumbnailURL":"https://addons.mozilla.org/user-media/previews/thumbs/243/243108.jpg?modified=1622132160","thumbnailWidth":533,"thumbnailHeight":333,"caption":"DuckDuckGo — Privacy, simplified. This add-on provides the privacy essentials to seamlessly take control of your personal information no matter where the internet takes you: tracker blocking, smarter encryption, DuckDuckGo private search, and more!"},{"url":"https://addons.mozilla.org/user-media/previews/full/243/243112.png?modified=1622132163","width":1280,"height":800,"thumbnailURL":"https://addons.mozilla.org/user-media/previews/thumbs/243/243112.jpg?modified=1622132163","thumbnailWidth":533,"thumbnailHeight":333},{"url":"https://addons.mozilla.org/user-media/previews/full/243/243111.png?modified=1622132166","width":1280,"height":800,"thumbnailURL":"https://addons.mozilla.org/user-media/previews/thumbs/243/243111.jpg?modified=1622132166","thumbnailWidth":533,"thumbnailHeight":333},{"url":"https://addons.mozilla.org/user-media/previews/full/243/243110.png?modified=1622132169","width":1280,"height":800,"thumbnailURL":"https://addons.mozilla.org/user-media/previews/thumbs/243/243110.jpg?modified=1622132169","thumbnailWidth":533,"thumbnailHeight":333},{"url":"https://addons.mozilla.org/user-media/previews/full/243/243109.png?modified=1622132172","width":1280,"height":800,"thumbnailURL":"https://addons.mozilla.org/user-media/previews/thumbs/243/243109.jpg?modified=1622132172","thumbnailWidth":533,"thumbnailHeight":333}],"contributionURL":"","averageRating":4.5639,"reviewCount":408,"reviewURL":"https://addons.mozilla.org/en-US/firefox/addon/duckduckgo-for-firefox/reviews/","updateDate":1633076384000},{"id":"firefox@ghostery.com","icons":{"32":"https://addons.mozilla.org/user-media/addon_icons/9/9609-32.png?modified=mcrushed","64":"https://addons.mozilla.org/user-media/addon_icons/9/9609-64.png?modified=mcrushed","128":"https://addons.mozilla.org/user-media/addon_icons/9/9609-128.png?modified=mcrushed"},"name":"Ghostery – Privacy Ad Blocker","version":"8.5.7","sourceURI":"https://addons.mozilla.org/firefox/downloads/file/3803046/ghostery_privacy_ad_blocker-8.5.7-an+fx.xpi","homepageURL":"http://www.ghostery.com/","supportURL":"https://www.ghostery.com/support/","description":"Ghostery is a powerful privacy extension.\n\nBlock ads, stop trackers and speed up websites.","fullDescription":"Block ads\nGhostery’s built-in ad blocker removes advertisements from a web page to eliminate clutter so you can focus on the content you want.\n\nProtect your privacy\nGhostery allows you to view and block trackers on websites you browse to control who collects your data. Enhanced Anti-Tracking also anonymizes your data to further protect your privacy.\n\nBrowse faster\nGhostery’s Smart Blocking feature speeds up page loads and optimizes page performance by automatically blocking and unblocking trackers to meet page quality criteria.\n\nCustomize your display\nGhostery offers multiple displays and insights dashboards so you can see the information that’s relevant to you.\n\nNew default settings\nWith Ghostery 8, Enhanced Anti-Tracking, Enhanced Ad Blocking and Smart Blocking are default settings that deliver a cleaner, faster, and safer browsing experience from the get go. These settings can be adjusted at any time.\n\nWhy choose Ghostery?\nGhostery – Privacy Ad Blocker is a comprehensive privacy protection extension. It’s the first to combine the best of blocklist and AI-powered anti-tracking technologies. Enhanced Ad Blocking works alongside Enhanced Anti Tracking to block any ads that would otherwise slip through. Lastly, this powerful extension speeds up pages and improves overall page performance.","weeklyDownloads":25546,"type":"extension","creator":{"name":"Ghostery","url":"https://addons.mozilla.org/en-US/firefox/user/10565426/"},"developers":[],"screenshots":[{"url":"https://addons.mozilla.org/user-media/previews/full/204/204757.png?modified=1622132210","width":2400,"height":1800,"thumbnailURL":"https://addons.mozilla.org/user-media/previews/thumbs/204/204757.jpg?modified=1622132210","thumbnailWidth":533,"thumbnailHeight":400},{"url":"https://addons.mozilla.org/user-media/previews/full/204/204758.png?modified=1622132255","width":2400,"height":1800,"thumbnailURL":"https://addons.mozilla.org/user-media/previews/thumbs/204/204758.jpg?modified=1622132255","thumbnailWidth":533,"thumbnailHeight":400,"caption":"Ghostery’s built-in ad blocker removes advertisements from  webpages to eliminate clutter so you can focus on the content you want."},{"url":"https://addons.mozilla.org/user-media/previews/full/204/204759.png?modified=1622132302","width":2400,"height":1800,"thumbnailURL":"https://addons.mozilla.org/user-media/previews/thumbs/204/204759.jpg?modified=1622132302","thumbnailWidth":533,"thumbnailHeight":400,"caption":"Ghostery allows you to view and block trackers on websites you browse to control who collects your data. Enhanced Anti Tracking also anonymizes your data to further protect your privacy."},{"url":"https://addons.mozilla.org/user-media/previews/full/204/204760.png?modified=1622132355","width":2400,"height":1800,"thumbnailURL":"https://addons.mozilla.org/user-media/previews/thumbs/204/204760.jpg?modified=1622132355","thumbnailWidth":533,"thumbnailHeight":400,"caption":"Ghostery’s Smart Blocking feature speeds up page loads and optimizes page performance by automatically blocking and unblocking trackers to meet page quality criteria."},{"url":"https://addons.mozilla.org/user-media/previews/full/204/204761.png?modified=1622132406","width":2400,"height":1800,"thumbnailURL":"https://addons.mozilla.org/user-media/previews/thumbs/204/204761.jpg?modified=1622132406","thumbnailWidth":533,"thumbnailHeight":400,"caption":"Enhanced Anti Tracking, Enhanced Ad Blocking and Smart Blocking are default settings that deliver a cleaner, faster, and safer browsing experience from the get go. These settings can be adjusted at any time."},{"url":"https://addons.mozilla.org/user-media/previews/full/204/204762.png?modified=1622132459","width":2400,"height":1800,"thumbnailURL":"https://addons.mozilla.org/user-media/previews/thumbs/204/204762.jpg?modified=1622132459","thumbnailWidth":533,"thumbnailHeight":400,"caption":"Block or unblock trackers and see all the trackers on each website."}],"contributionURL":"","averageRating":4.3216,"reviewCount":1089,"reviewURL":"https://addons.mozilla.org/en-US/firefox/addon/ghostery/reviews/","updateDate":1624957201000},{"id":"jid1-MnnxcxisBPnSXQ@jetpack","icons":{"32":"https://addons.mozilla.org/user-media/addon_icons/506/506646-32.png?modified=mcrushed","64":"https://addons.mozilla.org/user-media/addon_icons/506/506646-64.png?modified=mcrushed","128":"https://addons.mozilla.org/user-media/addon_icons/506/506646-128.png?modified=mcrushed"},"name":"Privacy Badger","version":"2021.11.23.1","sourceURI":"https://addons.mozilla.org/firefox/downloads/file/3872283/privacy_badger-2021.11.23.1-an+fx.xpi","homepageURL":"https://privacybadger.org/","supportURL":"https://privacybadger.org/#faq","description":"Automatically learns to block invisible trackers.","fullDescription":"Privacy Badger automatically learns to block invisible trackers. Instead of keeping lists of what to block, Privacy Badger automatically discovers trackers based on their behavior.\n\nPrivacy Badger sends the Global Privacy Control signal to opt you out of data sharing and selling, and the Do Not Track signal to tell companies not to track you. If trackers ignore your wishes, Privacy Badger will learn to block them.\n\nBesides automatic tracker blocking, Privacy Badger replaces potentially useful trackers (video players, comments widgets, etc.) with click-to-activate placeholders, and removes outgoing link click tracking on Facebook and Google, with more privacy protections on the way.\n\nTo learn more, see the FAQ on Privacy Badger's homepage.","weeklyDownloads":18162,"type":"extension","creator":{"name":"EFF Technologists","url":"https://addons.mozilla.org/en-US/firefox/user/5474073/"},"developers":[],"screenshots":[{"url":"https://addons.mozilla.org/user-media/previews/full/225/225184.png?modified=1622132341","width":1920,"height":1080,"thumbnailURL":"https://addons.mozilla.org/user-media/previews/thumbs/225/225184.jpg?modified=1622132341","thumbnailWidth":533,"thumbnailHeight":300,"caption":"Privacy Badger is a project of the Electronic Frontier Foundation"},{"url":"https://addons.mozilla.org/user-media/previews/full/171/171793.png?modified=1622132342","width":700,"height":394,"thumbnailURL":"https://addons.mozilla.org/user-media/previews/thumbs/171/171793.jpg?modified=1622132342","thumbnailWidth":533,"thumbnailHeight":300,"caption":"Privacy Badger at work on the whitehouse.gov privacy policy page."}],"contributionURL":"https://www.paypal.me/SupportEFF?utm_content=product-page-contribute&utm_medium=referral&utm_source=addons.mozilla.org","averageRating":4.7976,"reviewCount":388,"reviewURL":"https://addons.mozilla.org/en-US/firefox/addon/privacy-badger17/reviews/","updateDate":1638201469000},{"id":"https-everywhere@eff.org","icons":{"32":"https://addons.mozilla.org/user-media/addon_icons/229/229918-32.png?modified=mcrushed","64":"https://addons.mozilla.org/user-media/addon_icons/229/229918-64.png?modified=mcrushed","128":"https://addons.mozilla.org/user-media/addon_icons/229/229918-128.png?modified=mcrushed"},"name":"HTTPS Everywhere","version":"2021.7.13","sourceURI":"https://addons.mozilla.org/firefox/downloads/file/3809748/https_everywhere-2021.7.13-an+fx.xpi","homepageURL":"https://www.eff.org/https-everywhere","supportURL":"https://www.eff.org/https-everywhere","description":"Encrypt the web! HTTPS Everywhere is a Firefox extension to protect your communications by enabling HTTPS encryption automatically on sites that are known to support it, even when you type URLs or follow links that omit the https: prefix.","fullDescription":"Many sites on the web offer some limited support for encryption over HTTPS, but make it difficult to use. For instance, they may default to unencrypted HTTP, or fill encrypted pages with links that go back to the unencrypted site.\n\nThe HTTPS Everywhere extension fixes these problems by rewriting all requests to these sites to HTTPS.\n\nThe DuckDuckGo Smarter Encryption list is publicly available under the Creative Commons Attribution-NonCommercial-ShareAlike 4.0. International license. If you'd like to license the list for commercial use, please reach out to: https://help.duckduckgo.com/duckduckgo-help-pages/company/contact-us/","weeklyDownloads":12432,"type":"extension","creator":{"name":"EFF Technologists","url":"https://addons.mozilla.org/en-US/firefox/user/5474073/"},"developers":[],"screenshots":[{"url":"https://addons.mozilla.org/user-media/previews/full/214/214771.png?modified=1622132223","width":1280,"height":800,"thumbnailURL":"https://addons.mozilla.org/user-media/previews/thumbs/214/214771.jpg?modified=1622132223","thumbnailWidth":533,"thumbnailHeight":333}],"contributionURL":"https://www.paypal.me/SupportEFF?utm_content=product-page-contribute&utm_medium=referral&utm_source=addons.mozilla.org","averageRating":4.6647,"reviewCount":436,"reviewURL":"https://addons.mozilla.org/en-US/firefox/addon/https-everywhere/reviews/","updateDate":1626242620000},{"id":"langpack-en-GB@firefox.mozilla.org","icons":{"32":"https://addons.mozilla.org/static-server/img/addon-icons/default-32.2b26add4b394.png","64":"https://addons.mozilla.org/static-server/img/addon-icons/default-64.d144b50f2bb8.png","128":"https://addons.mozilla.org/static-server/img/addon-icons/default-128.452018499894.png"},"name":"English (GB) Language Pack","version":"97.0buildid20220116.190254","sourceURI":"https://addons.mozilla.org/firefox/downloads/file/3894950/english_gb_language_pack-97.0buildid20220116.190254-fx.xpi","homepageURL":null,"supportURL":null,"description":"English (GB) Language Pack","fullDescription":null,"weeklyDownloads":2053,"type":"locale","creator":{"name":"Mozilla Firefox","url":"https://addons.mozilla.org/en-US/firefox/user/4757633/"},"developers":[],"screenshots":[],"contributionURL":"","averageRating":3.6914,"reviewCount":232,"reviewURL":"https://addons.mozilla.org/en-US/firefox/addon/english-gb-language-pack/reviews/","updateDate":1642367833000},{"id":"langpack-en-CA@firefox.mozilla.org","icons":{"32":"https://addons.mozilla.org/static-server/img/addon-icons/default-32.2b26add4b394.png","64":"https://addons.mozilla.org/static-server/img/addon-icons/default-64.d144b50f2bb8.png","128":"https://addons.mozilla.org/static-server/img/addon-icons/default-128.452018499894.png"},"name":"English (CA) Language Pack","version":"97.0buildid20220116.190254","sourceURI":"https://addons.mozilla.org/firefox/downloads/file/3894953/english_ca_language_pack-97.0buildid20220116.190254-fx.xpi","homepageURL":null,"supportURL":null,"description":"Language pack for Firefox for en-CA","fullDescription":null,"weeklyDownloads":136,"type":"locale","creator":{"name":"Mozilla Firefox","url":"https://addons.mozilla.org/en-US/firefox/user/4757633/"},"developers":[],"screenshots":[],"contributionURL":"","averageRating":4.1556,"reviewCount":6,"reviewURL":"https://addons.mozilla.org/en-US/firefox/addon/english-ca-language-pack/reviews/","updateDate":1642367841000},{"id":"jid1-BoFifL9Vbdl2zQ@jetpack","icons":{"32":"https://addons.mozilla.org/user-media/addon_icons/521/521554-32.png?modified=mcrushed","64":"https://addons.mozilla.org/user-media/addon_icons/521/521554-64.png?modified=mcrushed","128":"https://addons.mozilla.org/user-media/addon_icons/521/521554-128.png?modified=mcrushed"},"name":"Decentraleyes","version":"2.0.16","sourceURI":"https://addons.mozilla.org/firefox/downloads/file/3833987/decentraleyes-2.0.16-an+fx.xpi","homepageURL":"https://decentraleyes.org","supportURL":"https://decentraleyes.org","description":"Protects you against tracking through \"free\", centralized, content delivery. It prevents a lot of requests from reaching networks like Google Hosted Libraries, and serves local files to keep sites from breaking. Complements regular content blockers.","fullDescription":"Websites have increasingly begun to rely much more on large third-parties for content delivery. Canceling requests for ads or trackers is usually without issue, however blocking actual content, not unexpectedly, breaks pages. The aim of this add-on is to cut out the middleman by providing lightning speed delivery of local (bundled) files to improve online privacy.\n\n     • Protects privacy by evading large delivery networks that claim to offer free services.\n     • Complements regular blockers such as uBlock Origin (recommended), Adblock Plus, et al.\n     • Works directly out of the box; absolutely no prior configuration required.\n\nNote: Decentraleyes is no silver bullet, but it does prevent a lot of websites from making you send these kinds of requests. Ultimately, you can make Decentraleyes block requests for any missing CDN resources, too.\n\n   > Simpler introduction: https://git.synz.io/Synzvato/decentraleyes/wikis/Simple-Introduction\n\nAm I Currently Protected?\n\nThe following testing utility shows you if you are properly protected. It's the recommended and, probably, fastest way to see if this add-on is installed, enabled, and correctly configured.\n\n   > Full link to testing utility: https://decentraleyes.org/test\n\nFrequently Asked Questions\n\n   > Full link to FAQ: https://git.synz.io/Synzvato/decentraleyes/wikis/Frequently-Asked-Questions\n\nTechnical Information\n\n- Supported Networks: Google Hosted Libraries, Microsoft Ajax CDN, CDNJS (Cloudflare), jQuery CDN (MaxCDN), jsDelivr (MaxCDN), Yandex CDN, Baidu CDN, Sina Public Resources, and UpYun Libraries.\n\n- Bundled Resources: AngularJS, Backbone.js, Dojo, Ember.js, Ext Core, jQuery, jQuery UI, Modernizr, MooTools, Prototype, Scriptaculous, SWFObject, Underscore.js, and Web Font Loader.\n\nPersonal Support\n\nIs your question not listed above, or do you have any other reason to contact me personally? You can always reach me at decentraleyes@protonmail.com. Bug reports or suggestions are highly welcome and I reply to every single email.\n\nFeel free to use this public PGP key for encrypted communication.\n\n   > Full link to public PGP key: https://decentraleyes.org/3f774aff6d/public-key.txt\n\nAre You Enjoying this Add-on?\n\nDecentraleyes is, and will always be, free, but you can support its continued development by making a donation, by contributing on GitLab, or by spreading the word (which does wonders). Any help would be greatly appreciated!\n\n     • GitLab: https://git.synz.io/Synzvato/decentraleyes\n     • Donate: https://decentraleyes.org/donate","weeklyDownloads":5201,"type":"extension","creator":{"name":"Thomas Rientjes","url":"https://addons.mozilla.org/en-US/firefox/user/6937656/"},"developers":[],"screenshots":[{"url":"https://addons.mozilla.org/user-media/previews/full/137/137406.png?modified=1622132453","width":700,"height":521,"thumbnailURL":"https://addons.mozilla.org/user-media/previews/thumbs/137/137406.jpg?modified=1622132453","thumbnailWidth":533,"thumbnailHeight":397,"caption":"Evades Content Delivery Networks without breaking websites."},{"url":"https://addons.mozilla.org/user-media/previews/full/205/205808.png?modified=1622132454","width":700,"height":521,"thumbnailURL":"https://addons.mozilla.org/user-media/previews/thumbs/205/205808.jpg?modified=1622132454","thumbnailWidth":533,"thumbnailHeight":397,"caption":"Complements regular content blockers (e.g. uBlock Origin)."}],"contributionURL":"","averageRating":4.8087,"reviewCount":227,"reviewURL":"https://addons.mozilla.org/en-US/firefox/addon/decentraleyes/reviews/","updateDate":1630660708000}]}