{"doh-rollout@mozilla.org":{"permissions":["internal:svgContextPropertiesAllowed"],"origins":[]},"formautofill@mozilla.org":{"permissions":["internal:svgContextPropertiesAllowed"],"origins":[]},"pictureinpicture@mozilla.org":{"permissions":["internal:svgContextPropertiesAllowed"],"origins":[]},"proxy-failover@mozilla.com":{"permissions":["internal:svgContextPropertiesAllowed"],"origins":[]},"screenshots@mozilla.org":{"permissions":["internal:svgContextPropertiesAllowed"],"origins":[]},"webcompat@mozilla.org":{"permissions":["internal:svgContextPropertiesAllowed"],"origins":[]},"default-theme@mozilla.org":{"permissions":["internal:svgContextPropertiesAllowed"],"origins":[]},"addons-search-detection@mozilla.com":{"permissions":["internal:svgContextPropertiesAllowed"],"origins":[]},"google@search.mozilla.org":{"permissions":["internal:svgContextPropertiesAllowed"],"origins":[]},"amazondotcom@search.mozilla.org":{"permissions":["internal:svgContextPropertiesAllowed"],"origins":[]},"wikipedia@search.mozilla.org":{"permissions":["internal:svgContextPropertiesAllowed"],"origins":[]},"bing@search.mozilla.org":{"permissions":["internal:svgContextPropertiesAllowed"],"origins":[]},"ddg@search.mozilla.org":{"permissions":["internal:svgContextPropertiesAllowed"],"origins":[]},"ebay@search.mozilla.org":{"permissions":["internal:svgContextPropertiesAllowed"],"origins":[]},"abstract-balanced-colorway@mozilla.org":{"permissions":["internal:privateBrowsingAllowed"],"origins":[]},"cheers-balanced-colorway@mozilla.org":{"permissions":["internal:privateBrowsingAllowed"],"origins":[]},"lush-balanced-colorway@mozilla.org":{"permissions":["internal:privateBrowsingAllowed"],"origins":[]},"graffiti-balanced-colorway@mozilla.org":{"permissions":["internal:privateBrowsingAllowed"],"origins":[]},"elemental-balanced-colorway@mozilla.org":{"permissions":["internal:privateBrowsingAllowed"],"origins":[]},"jid1-ZAdIEUB7XOzOJw@jetpack":{"permissions":["internal:privateBrowsingAllowed"],"origins":[]},"https-everywhere@eff.org":{"permissions":["internal:privateBrowsingAllowed"],"origins":[]}}