{"version":2,"url_overrides":{},"prefs":{"network.networkPredictionEnabled":{"initialValue":{},"precedenceList":[{"id":"jid1-BoFifL9Vbdl2zQ@jetpack","installDate":1642473822928,"value":false,"enabled":true},{"id":"uBlock0@raymondhill.net","installDate":1642472786461,"value":false,"enabled":true},{"id":"jid1-MnnxcxisBPnSXQ@jetpack","installDate":1642472756046,"value":false,"enabled":true}]},"websites.hyperlinkAuditingEnabled":{"initialValue":{},"precedenceList":[{"id":"uBlock0@raymondhill.net","installDate":1642472786461,"value":false,"enabled":true},{"id":"jid1-MnnxcxisBPnSXQ@jetpack","installDate":1642472756046,"value":false,"enabled":true}]}},"default_search":{},"homepageNotification":{},"tabHideNotification":{},"newTabNotification":{},"commands":{}}